themes,run,seed,width,height,seam_ratio,md5,identical_to
abandoned_amusement_park+toy_world,0909-0435,1000,1536,768,1.109,812f57ee34ade9779f4975f57b399e84,
abandoned_amusement_park+toy_world,0909-0435,1001,1536,768,1.239,56fb95c3a1bd68dc21d221cfc4db88d6,
alien_jungle_planet+desert_planet,0909-0607,1000,2048,512,1.286,7dfa1ccf532cf5fecbd2b68d46122b70,
alien_jungle_planet+desert_planet,0909-0607,1001,2048,512,1.36,06ac635136fa7648dc3c3a77ba933b84,
arctic_ice_cave+cozy_village_snowfall,0908-1757,1000,2048,512,0.759,3a6b94de97b0dd21bcaea4709026ca95,
arctic_ice_cave+cozy_village_snowfall,0908-1757,1001,2048,512,1.467,a42db2f433274df450a2aaf311dc1892,
arctic_ice_cave+cozy_village_snowfall,0908-1757,1002,2048,512,0.893,9b4d9e202fc11dd3c84fbd2192decb7b,
cyberpunk+underwater,0909-0122,1000,2048,512,1.231,b2d248e566e5668541031bb3b87b1c78,
cyberpunk+underwater,0909-0122,1001,2048,512,1.34,292e5b38c62ca1585c42c1a3f3ee718d,
cyberpunk+underwater,0909-0122,1002,2048,512,0.963,2ef3d41a14f8a7bb84450e4e0a9828a9,
cyberpunk,0908-1736,1000,2048,512,1.156,f737a8877d864b6fde7192d76e7b3658,
cyberpunk,0908-1736,1001,2048,512,1.268,16f0c451eea9eac0eb20323d4a0dc826,
cyberpunk,0908-1736,1002,2048,512,0.872,8a6e4445c56dd3fbc94ef14f3d852c52,
cyberpunk,0909-0037,1000,2048,512,1.156,f737a8877d864b6fde7192d76e7b3658,cyberpunk_0908-1736_seed1000.png
cyberpunk,0909-0037,1001,2048,512,1.268,16f0c451eea9eac0eb20323d4a0dc826,cyberpunk_0908-1736_seed1001.png
cyberpunk,0909-0037,1002,2048,512,0.872,8a6e4445c56dd3fbc94ef14f3d852c52,cyberpunk_0908-1736_seed1002.png
fantasy+medieval,0909-0248,1000,2048,512,1.619,f3a96340228a5a396af43d3a7fceb9c3,
fantasy+medieval,0909-0248,1001,2048,512,1.192,95befb43206fcc1a58dfa2cf5ff333b8,
fantasy+medieval,0909-0248,1002,2048,512,0.789,8b5fb767956d5abd4a03422cfd4c8756,
giant_tree_civilization+biopunk_organic_city,0910-0636,1000,2048,512,1.002,dbf2b0e709d340bb00cf63af0d1c2a7c,
giant_tree_civilization+biopunk_organic_city,0910-0636,1001,2048,512,1.082,07525372867dd1935965c637257c6c5f,
giant_tree_civilization+biopunk_organic_city,0910-0710,1000,2048,512,0.913,34a7325e923610e9267da65bb3a77a89,
giant_tree_civilization+biopunk_organic_city,0910-0710,1001,2048,512,1.122,d1a84ef99d720d72d00dd70446d42b55,
gothic_cathedral_courtyard+abandoned_amusement_park,0910-0725,454,2048,512,0.922,291c74df7a8a0d99cd7b8b1d9a1be278,
gothic_cathedral_courtyard+abandoned_amusement_park,0910-0725,455,2048,512,0.614,c79a081cecce6017260550b0ce8cd810,
ink_wash_mountains+dragon_spire,0910-0514,200,2048,512,1.531,e529c15079f0019b3933869cc70fa5c9,
ink_wash_mountains+dragon_spire,0910-0514,201,2048,512,1.271,0d6f278265e1e1e11af3e488fed7df8e,
stained_glass_realm,0909-0539,1000,1536,768,1.114,6f3c71f4a0b6adf7cf09422c2626e415,
stained_glass_realm,0909-0539,1001,1536,768,1.136,5f8ad3b0d62c40ffdb66bea42f49c807,
volcanic_lava_world+flooded_metropolis,0910-0542,200,2048,512,1.195,1ad55717e3357942631e9e2e7618f672,
volcanic_lava_world+flooded_metropolis,0910-0542,201,2048,512,0.885,3c805eb6c0acccdba74c88841d4f2e5c,
